insert into `category` (`id`, `name`) values(1, 'Local');
insert into `category` (`id`, `name`) values(2, 'Greens');
insert into `category` (`id`, `name`) values(3, 'Eggs');
insert into `category` (`id`, `name`) values(4, 'Fruits');
insert into `category` (`id`, `name`) values(5, 'Meat');
insert into `category` (`id`, `name`) values(6, 'Italian');
insert into `category` (`id`, `name`) values(7, 'Pasta');
insert into `category` (`id`, `name`) values(8, 'Chips');
insert into `category` (`id`, `name`) values(9, 'taco');
insert into `category` (`id`, `name`) values(10, 'Salad');
insert into `category` (`id`, `name`) values(11, 'Spanish');
insert into `currency` (`id`, `code`, `name`) values(1, 'USD', 'US Dollar');
insert into `image` (`id`, `uri`) values(1, 'img/services/service8.png');
insert into `image` (`id`, `uri`) values(2, 'img/services/service7.png');
insert into `image` (`id`, `uri`) values(3, 'img/services/service6.png');
insert into `image` (`id`, `uri`) values(4, 'img/services/service5.jpg');
insert into `image` (`id`, `uri`) values(5, 'img/services/gallery18.jpg');
insert into `image` (`id`, `uri`) values(6, 'img/services/gallery19.jpg');
insert into `image` (`id`, `uri`) values(7, 'img/services/gallery20.jpg');
insert into `image` (`id`, `uri`) values(8, 'img/services/gallery21.jpg');
insert into `image` (`id`, `uri`) values(9, 'img/services/gallery22.jpg');
insert into `image` (`id`, `uri`) values(10, 'img/services/gallery23.jpg');
insert into `times` (`id`, `days`, `name`, `time`, `image_id`) values(1, 'WeekDays', 'Breakfast', '7:30 am - 11:30 am', 1);
insert into `times` (`id`, `days`, `name`, `time`, `image_id`) values(2, 'WeekDays', 'Lunch', '11:30 am - 02:30 pm', 2);
insert into `times` (`id`, `days`, `name`, `time`, `image_id`) values(3, 'WeekDays', 'Dinner', '5:30 pm - 10:30 pm', 3);
insert into `times` (`id`, `days`, `name`, `time`, `image_id`) values(4, 'WeekDays', 'Drinks', '3:30 pm - 10:30 pm', 4);

insert into `product` (`id`, `descrition`, `name`, `price`, `image_id`,`currency_id`) values(1, 'Spicy Baked Eggs', 'Spicy Baked Eggs', 10.00, 5,1);
insert into `product` (`id`, `descrition`, `name`, `price`, `image_id`,`currency_id`) values(2, 'Grilled Meat with Fruits', 'Grilled Meat with Fruits', 10.00, 6,1);
insert into `product` (`id`, `descrition`, `name`, `price`, `image_id`,`currency_id`) values(3, 'Black Pasta with Meat', 'Black Pasta with Meat', 10.00, 7,1);
insert into `product` (`id`, `descrition`, `name`, `price`, `image_id`,`currency_id`) values(4, 'Chips with Sour Cream', 'Chips with Sour Cream', 10.00, 8,1);
insert into `product` (`id`, `descrition`, `name`, `price`, `image_id`,`currency_id`) values(5, 'Taco with Meat &amp; Avocado', 'Taco with Meat &amp; Avocado', 10.00, 9,1);
insert into `product` (`id`, `descrition`, `name`, `price`, `image_id`,`currency_id`) values(6, 'Spring Fruit Salad', 'Spring Fruit Salad', 10.00, 10,1);
insert into `productcategory` (`id`, `product_id`, `category_id`) values(17, 1, 1);
insert into `productcategory` (`id`, `product_id`, `category_id`) values(18, 1, 2);
insert into `productcategory` (`id`, `product_id`, `category_id`) values(1, 1, 3);
insert into `productcategory` (`id`, `product_id`, `category_id`) values(2, 2, 1);
insert into `productcategory` (`id`, `product_id`, `category_id`) values(3, 2, 4);
insert into `productcategory` (`id`, `product_id`, `category_id`) values(4, 2, 5);
insert into `productcategory` (`id`, `product_id`, `category_id`) values(5, 3, 6);
insert into `productcategory` (`id`, `product_id`, `category_id`) values(6, 3, 7);
insert into `productcategory` (`id`, `product_id`, `category_id`) values(7, 3, 5);
insert into `productcategory` (`id`, `product_id`, `category_id`) values(8, 4, 1);
insert into `productcategory` (`id`, `product_id`, `category_id`) values(9, 4, 2);
insert into `productcategory` (`id`, `product_id`, `category_id`) values(10, 4, 8);
insert into `productcategory` (`id`, `product_id`, `category_id`) values(11, 5, 9);
insert into `productcategory` (`id`, `product_id`, `category_id`) values(12, 5, 4);
insert into `productcategory` (`id`, `product_id`, `category_id`) values(13, 5, 5);
insert into `productcategory` (`id`, `product_id`, `category_id`) values(14, 6, 5);
insert into `productcategory` (`id`, `product_id`, `category_id`) values(15, 6, 10);
insert into `productcategory` (`id`, `product_id`, `category_id`) values(16, 6, 11);

insert into `producttimes` (`id`, `product_id`, `times_id`) values(1, 1, 1);
insert into `producttimes` (`id`, `product_id`, `times_id`) values(2, 1, 2);
insert into `producttimes` (`id`, `product_id`, `times_id`) values(3, 1, 3);
insert into `producttimes` (`id`, `product_id`, `times_id`) values(4, 1, 4);
insert into `producttimes` (`id`, `product_id`, `times_id`) values(5, 2, 1);
insert into `producttimes` (`id`, `product_id`, `times_id`) values(6, 2, 2);
insert into `producttimes` (`id`, `product_id`, `times_id`) values(7, 2, 3);
insert into `producttimes` (`id`, `product_id`, `times_id`) values(8, 3, 1);
insert into `producttimes` (`id`, `product_id`, `times_id`) values(9, 4, 1);
insert into `producttimes` (`id`, `product_id`, `times_id`) values(10, 5, 1);